"mask1","mask2"
9.44450697558932,3.7457224985119
3.72954694670625,8.17661372781731
