"mask1","mask2"
5.06608090084046,2.90096475696191
6.5702157006599,8.24930849880911
